case,level,scheme,status,converged,cells,h,seconds,iterations,ghiaRmse,ghiaMax,marchiRmse,ghiaRmseOrder,marchiRmseOrder,velocityL2,pressureL2,velocityL2Order,pressureL2Order
cavity100,5,upwind,converged,True,900,0.03333333333333334,0.9241839160094969,618,0.011555881325073278,0.025919822734339737,0.01930821472990619,,,,,,
cavity100,5,limited-linear,converged,True,900,0.03333333333333334,1.0897514169919305,716,0.0020917843719773597,0.005555431535097938,0.004079918249085176,,,,,,
cavity100,6,upwind,converged,True,3844,0.016129032258064516,13.410922625043895,2297,0.005217740911147705,0.011799084368493556,0.009927305660114955,1.095315401635866,0.916390166103326,,,,
cavity100,6,limited-linear,converged,True,3844,0.016129032258064516,14.913451083994005,2473,0.003269624298397565,0.008388093224861753,0.0009002445982779035,-0.6152842664704729,2.0816761246528017,,,,
cavity100,7,upwind,converged,True,15876,0.007936507936507936,168.72018279199256,8279,0.0028878745021215986,0.007181051947717454,0.00506309380194855,0.8341617916753951,0.9494658972246579,,,,
cavity100,7,limited-linear,converged,True,15876,0.007936507936507936,185.5602985000005,8590,0.0036579209805134715,0.009074438343263713,0.00021633959501247022,-0.15824614708340587,2.010607223482217,,,,
cavity400,5,upwind,converged,True,900,0.03333333333333334,0.853175166004803,565,0.06971514585892083,0.15182244894746316,,,,,,,
cavity400,5,limited-linear,converged,True,900,0.03333333333333334,1.0792655000113882,766,0.026265450288286595,0.09611105149606827,,,,,,,
cavity400,6,upwind,converged,True,3844,0.016129032258064516,9.921336708008312,1828,0.041570330667021836,0.09188204110430079,,0.712225557805672,,,,,
cavity400,6,limited-linear,converged,True,3844,0.016129032258064516,12.035879375005607,2173,0.024027365670040584,0.13872834601727316,,0.12268417350653496,,,,,
cavity400,7,upwind,converged,True,15876,0.007936507936507936,135.2923508749809,6081,0.029050082521978396,0.12163832202219851,,0.5053467334283158,,,,,
cavity400,7,limited-linear,converged,True,15876,0.007936507936507936,156.91934912500437,6591,0.02552195536582816,0.1485288148171763,,-0.08509605910085842,,,,,
cavity1000,5,upwind,converged,True,900,0.03333333333333334,0.7491292920312844,492,0.11356485292949317,0.2089109304606826,,,,,,,
cavity1000,5,limited-linear,converged,True,900,0.03333333333333334,1.8924803330446593,1245,0.048403451897348765,0.10039365226476143,,,,,,,
cavity1000,6,upwind,converged,True,3844,0.016129032258064516,10.13941495900508,1677,0.0700522872660315,0.12827595332602904,,0.6655290180569003,,,,,
cavity1000,6,limited-linear,converged,True,3844,0.016129032258064516,20.78216258296743,3313,0.010031906827177488,0.022626386575980928,,2.167957312760107,,,,,
cavity1000,7,upwind,converged,True,15876,0.007936507936507936,198.24974662502063,5817,0.0389707671338683,0.07464585661276829,,0.8269508129721028,,,,,
cavity1000,7,limited-linear,converged,True,15876,0.007936507936507936,287.18979712500004,8742,0.004215038566059566,0.009437032955153635,,1.2227525703323496,,,,,
dfg20,5,upwind,mesh-failed,False,,,,,,,,,,,,,
dfg20,5,limited-linear,mesh-failed,False,,,,,,,,,,,,,
dfg20,6,upwind,mesh-failed,False,,,,,,,,,,,,,
dfg20,6,limited-linear,mesh-failed,False,,,,,,,,,,,,,
dfg20,7,upwind,mesh-failed,False,,,,,,,,,,,,,
dfg20,7,limited-linear,mesh-failed,False,,,,,,,,,,,,,
annulus,5,upwind,solve-failed,False,729,0.05684006836161113,0.3562538329861127,,,,,,,,,,
annulus,5,limited-linear,solve-failed,False,729,0.05684006836161113,0.30647000001044944,,,,,,,,,,
annulus,6,upwind,mesh-failed,False,,,,,,,,,,,,,
annulus,6,limited-linear,mesh-failed,False,,,,,,,,,,,,,
annulus,7,upwind,solve-failed,False,10136,0.015246382697704413,290.4082500829827,,,,,,,,,,
annulus,7,limited-linear,solve-failed,False,10136,0.015246382697704413,12.0760344589944,,,,,,,,,,
poiseuille,5,upwind,converged,True,900,0.047140452079103175,0.33961895800894126,267,,,,,,0.0005060999273070871,0.0019144171561306848,,
poiseuille,5,limited-linear,converged,True,900,0.047140452079103175,0.39987475000089034,268,,,,,,0.000506988373523503,0.0019073354873715383,,
poiseuille,6,upwind,converged,True,3720,0.023186944788008413,4.7078661670093425,1018,,,,,,0.00011960311305056058,0.00043660477687396685,2.033079194145906,2.0832310440349286
poiseuille,6,limited-linear,converged,True,3720,0.023186944788008413,4.668214333010837,1020,,,,,,0.00011974990680911588,0.0004353027302175256,2.0338224182495375,2.0822172643861245
poiseuille,7,upwind,converged,True,15624,0.011314070555035511,74.15773258300032,3778,,,,,,2.805803777985657e-05,0.00010108104027175441,2.020652723503116,2.0390517566229125
poiseuille,7,limited-linear,converged,True,15624,0.011314070555035511,73.97311866597738,3779,,,,,,2.8076482675478037e-05,0.00010090218074610281,2.0214462940004245,2.037357597748338
