reynolds,label,level,cells,area,effectiveH,inletFlux,fluxWeightedPressureDrop,pressurePower,dimensionlessTotalPower,normalizedToIndependent,porousGapRelativeToNative,meshSeconds,flowSeconds,nativeProcessSeconds,measuredEndToEndSeconds,nativeFlowConverged
0,candidate,6,4800,0.49999999999999994,0.010206207261596574,0.004444444444444447,8.629005062610897,0.03835113361160401,95.87783402901003,0.9999999061297603,-0.3014743946569541,0.1857964209993952,1.9591895229996226,2.1449859439990178,,True
0,engineering,6,1864,0.5000000002340825,0.016378044555844275,0.004444444444444446,7.177574478630606,0.03190033101613604,79.7508275403401,0.8317962213245281,0.14605637449406478,1.0480467159995897,0.6173799680000229,1.6654266839996126,,True
0,independent,6,4800,0.5,0.010206207261596576,0.004444444444444449,8.629005872617745,0.03835113721163446,95.87784302908614,1.0,,0.2760983119997036,3.0807199689998015,3.356818280999505,4.096812557000703,True
0,candidate,7,19200,0.4999999999999999,0.005103103630798287,0.004444444444444447,8.63725921386206,0.038387818728275847,95.96954682068962,0.9999986739738733,-0.3021419369706151,0.6716349710004579,35.074241819000235,35.74587679000069,,True
0,engineering,7,7008,0.5000000002340825,0.008446717231970803,0.004444444444444442,7.236880188092073,0.03216391194707586,80.40977986768964,0.8378665514849087,0.13666452543678245,5.193896278000466,9.336909492999439,14.530805770999905,,True
0,independent,7,19200,0.5,0.005103103630798288,0.004444444444444442,8.637270667108638,0.03838786963159392,95.96967407898481,1.0,,0.8076335500009009,37.857099257998925,38.664732807999826,40.5974684949997,True
50,candidate,6,4800,0.49999999999999994,0.010206207261596574,0.004444444444444447,0.00038350406420887976,1.7044625075950222e-06,95.87601605221998,0.9999999967869663,-0.33263710025760235,0.1756619560001127,4.663901944000827,4.83956390000094,,True
50,engineering,6,1811,0.5000000003047548,0.016615972973955104,0.004444444444444446,0.0004411544461875591,1.9606864275002633e-06,110.2886115468898,1.1503253444788402,0.32925519503487555,0.8659598550002556,1.74087410500033,2.6068339600005856,,True
50,independent,6,4800,0.5,0.010206207261596576,0.004444444444444449,0.00038350406544109114,1.7044625130715178e-06,95.87601636027286,1.0,,0.16483266200066282,3.9534565389994896,4.118289201000152,4.626442011000108,True
50,candidate,7,19200,0.4999999999999999,0.005103103630798287,0.004444444444444445,0.000383876195511661,1.7061164244962714e-06,95.96904887791524,1.00000003471516,-0.3332840448408106,0.7051170900003854,69.67245323399948,70.37757032399986,,True
50,engineering,7,7016,0.5000000003047548,0.008441900170737388,0.004444444444444442,0.0004348501466492143,1.9326673184409513e-06,108.71253666230352,1.1327875154266949,0.34852625421922767,2.208767870999509,20.97869537599945,23.18746324699896,,True
50,independent,7,19200,0.5,0.005103103630798288,0.004444444444444442,0.00038387618218533806,1.7061163652681681e-06,95.96904554633446,1.0,,0.85439539500112,71.23589127499963,72.09028667000075,73.85329917300078,True
